{
"type": "world",
"map": "map1",
"next_entity_id": 1,
"next_tower_id": 1,
"money": 52,
"hp": 100,
"score": 0,
"enemies": [
	{
		"type": "warrior_enemy",
		"x": 761.4926147460938,
		"y": 610.5751342773438,
		"rotation": 0.0,
		"id": 0,
		"currentPathIndex": 5,
		"popTimeLeft": -0.01771646738052368,
		"health": 2
	}
],
"towers": [
	{
		"type": "fish_tower",
		"x": 795.2267456054688,
		"y": 563.1407470703125,
		"rotation": 35.419532775878906,
		"shot_cooldown": 0.8234519362449646,
		"time_since_last_attack": 0.17654810845851898,
		"target": 0,
		"id": 0
	}
],
"projectiles": [],
"stats": {
	"kills": 0,
	"damageDealt": 2,
	"towersPlaced": 1,
	"wave": 0,
	"money": 2,
	"playTime": 5.639926910400391
}
}
