{
"type": "world",
"map": "map3",
"next_entity_id": 1,
"next_tower_id": 1,
"money": 25,
"hp": 100,
"score": 0,
"enemies": [
	{
		"type": "fat_enemy",
		"x": 860.434326171875,
		"y": 618.47705078125,
		"rotation": 0.0,
		"id": 0,
		"currentPathIndex": 3,
		"popTimeLeft": -0.017679916694760323,
		"health": 2
	}
],
"towers": [
	{
		"type": "snowball_tower",
		"x": 842.2314453125,
		"y": 709.5111083984375,
		"rotation": -168.69247436523438,
		"shot_cooldown": 1.955893635749817,
		"time_since_last_attack": 0.0441063828766346,
		"target": 0,
		"id": 0
	}
],
"projectiles": [
	{
		"type": "snowball_projectile",
		"x": 830.2401733398438,
		"y": 688.32470703125,
		"rotation": -156.15188598632812,
		"damage": 1,
		"direction_x": 0.40431445837020874,
		"direction_y": -0.914620041847229,
		"tower": 0
	}
],
"stats": {
	"kills": 0,
	"damageDealt": 3,
	"towersPlaced": 1,
	"wave": 0,
	"money": 0,
	"playTime": 10.774904251098633
}
}